-- Auto-generated seed data from config.php
-- Import after 001_schema.sql

-- Categories --
INSERT INTO categories (id, label, short) VALUES ("suv", "SUV יוקרה", "SUV") ON DUPLICATE KEY UPDATE label=VALUES(label), short=VALUES(short);
INSERT INTO categories (id, label, short) VALUES ("sedan", "סדאן ביצועים", "סדאן") ON DUPLICATE KEY UPDATE label=VALUES(label), short=VALUES(short);
INSERT INTO categories (id, label, short) VALUES ("ev-family", "חשמלי משפחתי", "חשמלי") ON DUPLICATE KEY UPDATE label=VALUES(label), short=VALUES(short);

-- Engine types --
INSERT INTO engine_types (id, label, color, glyph) VALUES ("electric", "חשמלי", "#14b8a6", "⚡") ON DUPLICATE KEY UPDATE label=VALUES(label);
INSERT INTO engine_types (id, label, color, glyph) VALUES ("hybrid", "היברידי", "#0e9f6e", "◐") ON DUPLICATE KEY UPDATE label=VALUES(label);
INSERT INTO engine_types (id, label, color, glyph) VALUES ("gasoline", "בנזין", "#5a6892", "⛽") ON DUPLICATE KEY UPDATE label=VALUES(label);
INSERT INTO engine_types (id, label, color, glyph) VALUES ("diesel", "דיזל", "#78350f", "◼") ON DUPLICATE KEY UPDATE label=VALUES(label);

-- Cars --
INSERT INTO cars (id, make, model, trim, category, engine, hp, consumption, seats, accel, monthly, stock, best_value, verified, features, warranty, delivery) VALUES ("aurora-gt", "Aurora", "GT Line", "Executive", "suv", "hybrid", 340, "16.2 ק״מ/ל׳", 5, "6.1", "{\"private\":4290,\"operational\":3890,\"purchase\":289000}", 0.62, 0, 1, "[\"מושבים חשמליים\",\"פנורמה\",\"ראיית לילה\",\"Level 2 ADAS\"]", "3 שנים / 100,000 ק״מ", "עד 21 ימים") ON DUPLICATE KEY UPDATE updated_at=NOW();
INSERT INTO cars (id, make, model, trim, category, engine, hp, consumption, seats, accel, monthly, stock, best_value, verified, features, warranty, delivery) VALUES ("nova-prime", "Nova", "Prime 7", "Signature", "suv", "electric", 408, "510 ק״מ טווח", 7, "5.3", "{\"private\":4690,\"operational\":4190,\"purchase\":329000}", 0.34, 1, 1, "[\"7 מושבים\",\"טעינה 250kW\",\"Matrix LED\",\"Head-Up Display\"]", "5 שנים / 150,000 ק״מ", "זמין מיידית") ON DUPLICATE KEY UPDATE updated_at=NOW();
INSERT INTO cars (id, make, model, trim, category, engine, hp, consumption, seats, accel, monthly, stock, best_value, verified, features, warranty, delivery) VALUES ("stellar-s", "Stellar", "S Series", "Sport+", "sedan", "gasoline", 295, "12.8 ק״מ/ל׳", 5, "5.8", "{\"private\":3690,\"operational\":3290,\"purchase\":249000}", 0.88, 0, 1, "[\"הגה ספורט\",\"מושבי ספורט\",\"בלמי קרמיקה אופציה\"]", "3 שנים", "עד 14 ימים") ON DUPLICATE KEY UPDATE updated_at=NOW();
INSERT INTO cars (id, make, model, trim, category, engine, hp, consumption, seats, accel, monthly, stock, best_value, verified, features, warranty, delivery) VALUES ("helix-rs", "Helix", "RS Turbo", "Club", "sedan", "gasoline", 420, "11.1 ק״מ/ל׳", 5, "4.4", "{\"private\":4190,\"operational\":3790,\"purchase\":278000}", 0.21, 0, 1, "[\"טורבו כפול\",\"מתלים אדפטיביים\",\"בקרת שיוט אקטיבית\"]", "3 שנים / 80,000 ק״מ", "עד 30 ימים") ON DUPLICATE KEY UPDATE updated_at=NOW();
INSERT INTO cars (id, make, model, trim, category, engine, hp, consumption, seats, accel, monthly, stock, best_value, verified, features, warranty, delivery) VALUES ("orion-e", "Orion", "E-Family", "Comfort", "ev-family", "electric", 204, "430 ק״מ טווח", 5, "7.9", "{\"private\":2890,\"operational\":2590,\"purchase\":189000}", 0.74, 1, 1, "[\"טעינה ביתית 11kW\",\"V2L\",\"תא מטען 520 ל׳\"]", "8 שנים / סוללה", "עד 14 ימים") ON DUPLICATE KEY UPDATE updated_at=NOW();
INSERT INTO cars (id, make, model, trim, category, engine, hp, consumption, seats, accel, monthly, stock, best_value, verified, features, warranty, delivery) VALUES ("lumen-ev", "Lumen", "EV-5", "Long Range", "ev-family", "electric", 272, "560 ק״מ טווח", 5, "6.7", "{\"private\":3190,\"operational\":2890,\"purchase\":219000}", 0.55, 0, 1, "[\"טווח ארוך\",\"משאבת חום\",\"AWD\"]", "8 שנים / סוללה", "זמין מיידית") ON DUPLICATE KEY UPDATE updated_at=NOW();
INSERT INTO cars (id, make, model, trim, category, engine, hp, consumption, seats, accel, monthly, stock, best_value, verified, features, warranty, delivery) VALUES ("meridian-x", "Meridian", "X-Coupe", "Gran Turismo", "sedan", "hybrid", 385, "17.8 ק״מ/ל׳", 4, "4.9", "{\"private\":4890,\"operational\":4390,\"purchase\":339000}", 0.15, 0, 1, "[\"גג פנורמי\",\"Bang Audio 18\",\"Launch Control\"]", "4 שנים", "עד 45 ימים") ON DUPLICATE KEY UPDATE updated_at=NOW();
INSERT INTO cars (id, make, model, trim, category, engine, hp, consumption, seats, accel, monthly, stock, best_value, verified, features, warranty, delivery) VALUES ("atlas-q", "Atlas", "Q-SUV", "Pro", "suv", "diesel", 245, "14.5 ק״מ/ל׳", 7, "7.3", "{\"private\":3490,\"operational\":3090,\"purchase\":239000}", 0.92, 1, 1, "[\"7 מושבים\",\"גרירה 2.5 טון\",\"מצב שטח\"]", "3 שנים / 120,000 ק״מ", "עד 21 ימים") ON DUPLICATE KEY UPDATE updated_at=NOW();
INSERT INTO cars (id, make, model, trim, category, engine, hp, consumption, seats, accel, monthly, stock, best_value, verified, features, warranty, delivery) VALUES ("zenith-rv", "Zenith", "RV-Sport", "Edition 26", "suv", "hybrid", 310, "15.3 ק״מ/ל׳", 5, "6.4", "{\"private\":3890,\"operational\":3490,\"purchase\":259000}", 0.48, 0, 1, "[\"מתלים אוויר\",\"חלון ב-C\",\"12 רמקולים\"]", "3 שנים", "עד 28 ימים") ON DUPLICATE KEY UPDATE updated_at=NOW();
INSERT INTO cars (id, make, model, trim, category, engine, hp, consumption, seats, accel, monthly, stock, best_value, verified, features, warranty, delivery) VALUES ("vertex-r", "Vertex", "R-Line", "Dynamic", "sedan", "hybrid", 265, "19.2 ק״מ/ל׳", 5, "6.9", "{\"private\":3290,\"operational\":2990,\"purchase\":219000}", 0.67, 0, 1, "[\"חיסכון מעולה\",\"ADAS מלא\",\"מושבי עור\"]", "3 שנים / 100,000 ק״מ", "עד 21 ימים") ON DUPLICATE KEY UPDATE updated_at=NOW();
INSERT INTO cars (id, make, model, trim, category, engine, hp, consumption, seats, accel, monthly, stock, best_value, verified, features, warranty, delivery) VALUES ("flux-e8", "Flux", "E-8", "Family+", "ev-family", "electric", 238, "490 ק״מ טווח", 7, "7.5", "{\"private\":3490,\"operational\":3090,\"purchase\":249000}", 0.41, 0, 1, "[\"7 מושבים\",\"טעינה 170kW\",\"Vehicle-to-Home\"]", "8 שנים / סוללה", "עד 30 ימים") ON DUPLICATE KEY UPDATE updated_at=NOW();
INSERT INTO cars (id, make, model, trim, category, engine, hp, consumption, seats, accel, monthly, stock, best_value, verified, features, warranty, delivery) VALUES ("pulse-gts", "Pulse", "GT-S", "Carbon", "sedan", "electric", 503, "470 ק״מ טווח", 5, "3.6", "{\"private\":5490,\"operational\":4890,\"purchase\":389000}", 0.08, 0, 1, "[\"פחמן אמיתי\",\"מושבי פחמן\",\"Race Mode\"]", "4 שנים / סוללה", "המתנה 60 יום") ON DUPLICATE KEY UPDATE updated_at=NOW();

-- Packages --
INSERT INTO packages (id, title, sub, icon, price, pitch, features, km, fuel, featured, sort) VALUES ("essential", "Essential", "חבילה בסיסית", "users", 1790, "רכב פנאי/עירוני עם תחזוקה מלאה. מושלם לנהג פרטי שלא רוצה הפתעות.", "[\"תחזוקה מלאה + טיפולים\",\"ביטוח חובה + מקיף\",\"רישוי שנתי כלול\",\"רכב חלופי בתיקון\"]", "15,000 ק״מ/שנה", "דלק מוחזר", 0, 0) ON DUPLICATE KEY UPDATE updated_at=NOW();
INSERT INTO packages (id, title, sub, icon, price, pitch, features, km, fuel, featured, sort) VALUES ("smart", "Smart", "החבילה החכמה", "bolt", 2290, "רכב היברידי/חשמלי חסכוני עם כל הטוב של Essential ויותר ק״מ.", "[\"כולל טעינה ביתית (חשמלי)\",\"20K ק״מ שנתי\",\"צמיגי חורף\\/קיץ\",\"אפליקציית ניהול אישית\"]", "20,000 ק״מ/שנה", "Eco ready", 0, 1) ON DUPLICATE KEY UPDATE updated_at=NOW();
INSERT INTO packages (id, title, sub, icon, price, pitch, features, km, fuel, featured, sort) VALUES ("family", "Family", "לכל המשפחה", "users", 2890, "SUV או מיניוואן 7 מקומות — נוחות של בית על גלגלים, בלי פשרות.", "[\"7 מקומות · מטען ענק\",\"ISOFIX ומערכות בטיחות Tier 1\",\"ביטוח כל הנהגים במשפחה\",\"Roadside assistance 24\\/7\"]", "25,000 ק״מ/שנה", "Hybrid/Diesel", 1, 2) ON DUPLICATE KEY UPDATE updated_at=NOW();
INSERT INTO packages (id, title, sub, icon, price, pitch, features, km, fuel, featured, sort) VALUES ("executive", "Executive", "ליסינג עסקי", "shield", 3290, "ליסינג תפעולי לעצמאים וחברות. ניכוי מלא מהוצאות, פטור מע״מ.", "[\"ניכוי מלא למע״מ\",\"גיבוי חשבוניות חודשי\",\"רכב חלופי Premium\",\"דו״ח חודשי למנה״ח\"]", "30,000 ק״מ/שנה", "ללא מע״מ", 0, 3) ON DUPLICATE KEY UPDATE updated_at=NOW();
INSERT INTO packages (id, title, sub, icon, price, pitch, features, km, fuel, featured, sort) VALUES ("prestige", "Prestige", "רכבי יוקרה", "sparkle", 4890, "BMW, מרצדס, אאודי בדגמים בכירים. עם concierge אישי והחלפה שנתית.", "[\"קונסיירז׳ אישי 24\\/7\",\"שטיפה שבועית כלולה\",\"דגמי דלוקס ואופציית Chauffeur\",\"אופציית החלפה ל־12 ח׳\"]", "25,000 ק״מ/שנה", "Premium", 0, 4) ON DUPLICATE KEY UPDATE updated_at=NOW();
INSERT INTO packages (id, title, sub, icon, price, pitch, features, km, fuel, featured, sort) VALUES ("electric-plus", "Electric+", "חשמלי בלבד", "leaf", 1990, "חבילה ייעודית לרכבים חשמליים בלבד — עם כל הטבות המדינה בתוך המחיר.", "[\"מטען ביתי מותקן חינם\",\"מנוי רשת טעינה ציבורית\",\"הטבות מיסוי מופחת\",\"תחזוקה חשמלית ייעודית\"]", "25,000 ק״מ/שנה", "100% חשמלי", 0, 5) ON DUPLICATE KEY UPDATE updated_at=NOW();
